id,text,kind,machine,residency,criticality,residency_2,criticality_2
h001,"Heard a grinding sound from CNC-07 when it ramps past 9000 rpm, feels like the bearing again",observation,CNC-07,sync,1,sync,1
h002,Swapped the worn drive belt on LATHE-03 with the spare from rack B,fix,LATHE-03,sync,0,sync,0
h003,"There's smoke coming out of the PRESS-02 motor, I hit the e-stop",observation,PRESS-02,sync,2,sync,2
h004,anyone seen my blue water bottle,observation,,drop,0,drop,0
h005,Priya said she can swap shifts with me on Thursday,observation,,private,0,private,0
h006,ROBOT-ARM-5 keeps missing the pick position by a couple of mm on axis 3,observation,ROBOT-ARM-5,sync,1,sync,1
h007,CNC-12 back up after the ball screw adjustment,status,CNC-12,sync,0,sync,0
h008,"Coolant on LATHE-03 smells off, probably bacterial, flushed and refilled",fix,LATHE-03,sync,0,sync,1
h009,thx,observation,,drop,0,drop,0
h010,My wife's surgery is on Monday so I need two days off,observation,,private,0,private,0
h011,Found the guard on PRESS-02 pulley lying on the floor. Machine locked out till it's refitted,observation,PRESS-02,sync,2,sync,2
h012,Firmware on the CNC-07 controller updated to v4.2 per vendor bulletin,fix,CNC-07,sync,0,sync,0
h013,Canteen's biryani is great today,observation,,drop,0,drop,0
h014,Deepak's number for the night shift handover is 9823456710,observation,,private,0,private,0
h015,"Hydraulic pressure on PRESS-02 drifting down to 150 bar over the shift, relief valve suspect",observation,PRESS-02,sync,1,sync,1
h016,Tool changer on CNC-07 jammed twice this morning. Replaced gripper spring and re-taught positions,fix,CNC-07,sync,1,sync,1
h017,will do,observation,,drop,0,drop,0
h018,My appraisal meeting got moved to next week,observation,,private,0,private,0
h019,Sparks at the ROBOT-ARM-5 cable carrier when it swings to home. Stopped the cell,observation,ROBOT-ARM-5,sync,2,sync,2
h020,LATHE-03 chatter marks gone after tightening the tool post,fix,LATHE-03,sync,0,sync,0
h021,CNC-12 down: spindle drive throws alarm 1040 on every start,status,CNC-12,sync,1,sync,1
h022,Good night everyone,observation,,drop,0,drop,0
h023,Please send my PF details to kavya.r@example.com,observation,,private,0,private,0
h024,"Replaced the mechanical seal on the LATHE-03 coolant pump, did LOTO first",fix,LATHE-03,sync,1,sync,0
h025,ROBOT-ARM-5 gripper pressure reading 3.8 bar - regulator was knocked. Set back to 6,fix,ROBOT-ARM-5,sync,0,sync,1
h026,Burning smell near CNC-07 electrical cabinet. Called electrician,observation,CNC-07,sync,2,sync,2
h027,lol same,observation,,drop,0,drop,0
h028,Need to leave at 3 for my daughter's school event,observation,,private,0,private,0
h029,PRESS-02 running again after pump replacement,status,PRESS-02,sync,0,sync,0
h030,Chips piling up under CNC-12 conveyor. Cleared them,fix,CNC-12,sync,0,sync,0
h031,Oil puddle growing under PRESS-02 near the main cylinder,observation,PRESS-02,sync,2,sync,1
h032,Axis 3 encoder on ROBOT-ARM-5 recalibrated using the reference pin,fix,ROBOT-ARM-5,sync,0,sync,0
h033,who's got the key to store room 2,observation,,drop,0,drop,0
h034,Suresh is on medical leave till Friday,observation,,private,0,private,0
h035,CNC-07 spindle temp hit 78 C during the long roughing job,observation,CNC-07,sync,2,sync,1
h036,LATHE-03 waiting for chuck jaws from the vendor,status,LATHE-03,sync,1,sync,0
h037,Emergency stop on PRESS-02 is sticky and doesn't latch every time,observation,PRESS-02,sync,2,sync,2
h038,Morning!,observation,,drop,0,drop,0
h039,Loan EMI got deducted twice this month,observation,,private,0,private,0
h040,CNC-12 surface finish improved after changing to the new inserts,observation,CNC-12,sync,0,sync,0
h041,ROBOT-ARM-5 stopped - do not use until the safety scanner is fixed,status,ROBOT-ARM-5,sync,2,sync,2
h042,"Lubrication on CNC-07 done, next due in 250 hours",fix,CNC-07,sync,0,sync,0
h043,ok boss,observation,,drop,0,drop,0
h044,Imran's gate pass: aadhaar 4567 8901 2345,observation,,private,0,private,0
h045,Noticed a crack in the PRESS-02 die holder,observation,PRESS-02,sync,1,sync,2
h046,LATHE-03 belt squeals on start-up for the first minute,observation,LATHE-03,sync,0,sync,0
h047,CNC-07 back in production after bearing replacement,status,CNC-07,sync,0,sync,0
h048,see you all at the team lunch,observation,,drop,0,drop,0
h049,I've been feeling dizzy on night shifts,observation,,private,0,private,0
h050,Fumes near ROBOT-ARM-5 welding station. Extraction fan not running,observation,ROBOT-ARM-5,sync,2,sync,2
h051,CNC-12 axis backlash measured 0.025 mm; ran compensation routine,fix,CNC-12,sync,0,sync,0
h052,"The new operator on PRESS-02 is doing fine, no issues",observation,,drop,0,drop,0
h053,Call Meena on +91 98450 12345 about the spare parts order,observation,,private,0,private,0
h054,LATHE-03 coolant pump leaking at the shaft again,observation,LATHE-03,sync,2,sync,1
h055,CNC-07 vibration 5.1 mm/s at 10k rpm - above limit,observation,CNC-07,sync,1,sync,2
h056,Tested the light curtain on PRESS-02 - works fine,observation,PRESS-02,sync,0,sync,0
h057,Thanks for covering yesterday!,observation,,drop,0,drop,0
h058,Rent is due tomorrow remind me,observation,,private,0,private,0
h059,ROBOT-ARM-5 cycle time up by 2 s after the last program change,observation,ROBOT-ARM-5,sync,0,sync,0
h060,CNC-12 spindle drive fan was clogged with dust. Cleaned it and alarm cleared,fix,CNC-12,sync,1,sync,0
h061,PRESS-02 hydraulic hose bulging near the fitting - replaced before it burst,fix,PRESS-02,sync,2,,
h062,My bike got a flat in the parking lot,observation,,drop,0,,
h063,Anjali's phone is 7012345678 if you need the calibration certs,observation,,private,0,,
h064,CNC-07 status: running at reduced speed until new bearings arrive,status,CNC-07,sync,1,,
h065,Worn chuck jaws on LATHE-03 causing runout of 0.05 mm,observation,LATHE-03,sync,1,,
h066,Electric shock felt when touching ROBOT-ARM-5 controller door. Earthing to be checked,observation,ROBOT-ARM-5,sync,2,,
h067,any update on diwali bonus?,observation,,private,0,,
h068,noted,observation,,drop,0,,
h069,CNC-12 misaligned vise caused scrap on 4 parts. Re-indicated the vise,fix,CNC-12,sync,1,,
h070,PRESS-02 noise from the flywheel brake,observation,PRESS-02,sync,1,,
h071,Leaving early for my brother's wedding,observation,,private,0,,
h072,LATHE-03 back in production,status,LATHE-03,sync,0,,
h073,Guys the AC in the break room is broken again,observation,,drop,0,,
h074,ROBOT-ARM-5 gripper jaw cracked. Replaced with spare part 88-120,fix,ROBOT-ARM-5,sync,1,,
h075,Overheating on CNC-12 spindle motor - 82 C. Stopped job,observation,CNC-12,sync,2,,
h076,HR asked me to submit my PAN ABCPD1234K,observation,,private,0,,
h077,CNC-07 coolant nozzle realigned for better chip evacuation,fix,CNC-07,sync,0,,
h078,Is the vending machine working,observation,,drop,0,,
h079,PRESS-02 down for die change,status,PRESS-02,sync,0,,
h080,Gas smell near the LATHE-03 heat treatment corner. Evacuated area,observation,LATHE-03,sync,2,,
h081,My manager said I'll get the forklift training next month,observation,,private,0,,
h082,CNC-12 tool life counter reset after insert change,fix,CNC-12,sync,0,,
h083,ROBOT-ARM-5 teach pendant cable frayed near the connector,observation,ROBOT-ARM-5,sync,1,,
h084,hi all,observation,,drop,0,,
h085,Kavya's personal email is kavya.p@gmail.com for the training link,observation,,private,0,,
h086,CNC-07 spindle runout checked: 0.004 mm - ok,observation,CNC-07,sync,0,,
h087,LATHE-03 hydraulic chuck pressure dropping during long cuts,observation,LATHE-03,sync,1,,
h088,Fire extinguisher near PRESS-02 has expired tag,observation,PRESS-02,sync,2,,
h089,going for tea,observation,,drop,0,,
h090,I think I'm getting a cold,observation,,private,0,,
h091,ROBOT-ARM-5 back to normal after encoder cable replacement,status,ROBOT-ARM-5,sync,0,,
h092,CNC-12 coolant concentration at 4 percent - topped up to 7,fix,CNC-12,sync,0,,
h093,PRESS-02 stroke counter shows 1.2 million - due for overhaul,observation,PRESS-02,sync,1,,
h094,great work today everyone,observation,,drop,0,,
h095,Ravi owes me 500 rupees lol,observation,,private,0,,
h096,Injury: operator cut his hand on LATHE-03 chip guard edge. First aid done,observation,LATHE-03,sync,2,,
h097,CNC-07 status: stopped - spindle seized,status,CNC-07,sync,2,,
h098,Replaced the proximity sensor on ROBOT-ARM-5 gripper,fix,ROBOT-ARM-5,sync,0,,
h099,parking is full again,observation,,drop,0,,
h100,Sign my leave form before 5 please,observation,,private,0,,
